{
  "nodes_scaling": {
    "pure_mpi": {
      "1": 734.0,
      "2": 389.0,
      "4": 220.0,
      "8": 130.0
    },
    "hybrid": {
      "1": 734.0,
      "2": 365.0,
      "4": 190.0,
      "8": 98.0
    }
  },
  "thread_scaling": {
    "1": 5.42,
    "2": 2.98,
    "4": 1.67,
    "8": 1.12,
    "12": 0.95,
    "16": 0.89
  },
  "speedup_mpi": {
    "1": 1.0,
    "2": 1.8868894601542416,
    "4": 3.3363636363636364,
    "8": 5.6461538461538465
  },
  "speedup_hybrid": {
    "1": 1.0,
    "2": 2.010958904109589,
    "4": 3.863157894736842,
    "8": 7.489795918367347
  },
  "efficiency_mpi": {
    "1": 100.0,
    "2": 94.34447300771208,
    "4": 83.4090909090909,
    "8": 70.57692307692308
  },
  "efficiency_hybrid": {
    "1": 100.0,
    "2": 100.54794520547945,
    "4": 96.57894736842105,
    "8": 93.62244897959184
  }
}