{
  "results": {
    "sequential": {
      "N50_M500": 8.45,
      "N100_M2000": 135.2,
      "N200_M4000": 1082.4
    },
    "parallel_1d": {
      "N200_M4000": {
        "2": 562.3,
        "4": 298.4,
        "8": 162.5,
        "16": 94.2
      }
    },
    "parallel_2d": {
      "N200_M4000": {
        "4": 285.1,
        "9": 142.6,
        "16": 81.3
      }
    }
  },
  "speedup_1d": {
    "2": 1.9249510937222127,
    "4": 3.627345844504022,
    "8": 6.660923076923077,
    "16": 11.490445859872612
  },
  "speedup_2d": {
    "4": 3.796562609610663,
    "9": 7.59046283309958,
    "16": 13.313653136531366
  },
  "efficiency_1d": {
    "2": 96.24755468611063,
    "4": 90.68364611260054,
    "8": 83.26153846153846,
    "16": 71.81528662420382
  },
  "efficiency_2d": {
    "4": 94.91406524026658,
    "9": 84.33847592332867,
    "16": 83.21033210332104
  }
}