{
  "nodes_scaling": {
    "numpy_mpi": {
      "1": 98.0,
      "2": 52.5,
      "4": 28.2,
      "8": 16.8
    },
    "cupy_mpi": {
      "1": 10.5,
      "2": 5.8,
      "4": 3.2,
      "8": 1.9
    }
  },
  "gpu_speedup": {
    "1": 9.3,
    "2": 9.1,
    "4": 8.8,
    "8": 8.8
  },
  "efficiency_cupy": {
    "1": 100.0,
    "2": 90.51724137931035,
    "4": 82.03125,
    "8": 69.07894736842105
  },
  "data_transfer_overhead": {
    "small": 2,
    "medium": 5,
    "large": 12
  }
}