{
  "results": {
    "sequential": {
      "N200_M20000": 6.8,
      "N400_M100000": 34.2,
      "N800_M300000": 102.5
    },
    "parallel_scatterv": {
      "N800_M300000": {
        "2": 58.4,
        "4": 31.2,
        "8": 17.8,
        "16": 11.3
      }
    },
    "parallel_sendrecv": {
      "N800_M300000": {
        "2": 53.1,
        "4": 28.4,
        "8": 15.6,
        "16": 9.2
      }
    }
  },
  "speedup": {
    "scatterv": {
      "2": 1.75513698630137,
      "4": 3.28525641025641,
      "8": 5.758426966292134,
      "16": 9.070796460176991
    },
    "sendrecv": {
      "2": 1.9303201506591336,
      "4": 3.609154929577465,
      "8": 6.57051282051282,
      "16": 11.141304347826088
    }
  },
  "efficiency": {
    "scatterv": {
      "2": 87.7568493150685,
      "4": 82.13141025641025,
      "8": 71.98033707865167,
      "16": 56.692477876106196
    },
    "sendrecv": {
      "2": 96.51600753295668,
      "4": 90.22887323943662,
      "8": 82.13141025641025,
      "16": 69.63315217391305
    }
  }
}