{
  "nodes_scaling": {
    "pure_mpi": {
      "1": 425.0,
      "2": 225.0,
      "4": 128.0,
      "8": 75.0
    },
    "hybrid": {
      "1": 425.0,
      "2": 210.0,
      "4": 108.0,
      "8": 55.0
    }
  },
  "thread_scaling": {
    "1": 3.28,
    "2": 1.72,
    "4": 0.95,
    "8": 0.61,
    "12": 0.48,
    "14": 0.45
  },
  "speedup_mpi": {
    "1": 1.0,
    "2": 1.8888888888888888,
    "4": 3.3203125,
    "8": 5.666666666666667
  },
  "speedup_hybrid": {
    "1": 1.0,
    "2": 2.0238095238095237,
    "4": 3.935185185185185,
    "8": 7.7272727272727275
  },
  "efficiency_mpi": {
    "1": 100.0,
    "2": 94.44444444444444,
    "4": 83.0078125,
    "8": 70.83333333333334
  },
  "efficiency_hybrid": {
    "1": 100.0,
    "2": 101.19047619047619,
    "4": 98.37962962962963,
    "8": 96.5909090909091
  }
}