{
  "500x250": {
    "size": [
      500,
      250
    ],
    "num_procs": 8,
    "simple": {
      "avg_time": 0.0010125741470959708,
      "std_time": 5.1565155406133795e-05,
      "min_time": 0.0010106770459602224,
      "max_time": 0.0010519291702851294,
      "avg_iterations": 86.0,
      "avg_residual": 1.836203800434445e-08
    },
    "optimized_basic": {
      "avg_time": 0.0010021491227858895,
      "std_time": 4.125114788837728e-05,
      "min_time": 0.0010106531232652433,
      "max_time": 0.0010519042711536206,
      "avg_iterations": 86.0,
      "avg_residual": 1.836203800434445e-08
    },
    "optimized_async": {
      "avg_time": 0.0008143070175309707,
      "std_time": 2.373351071081915e-05,
      "min_time": 0.0007752946832200922,
      "max_time": 0.000806939364167851,
      "avg_iterations": 86.0,
      "avg_residual": 1.836203800434445e-08
    }
  },
  "1000x500": {
    "size": [
      1000,
      500
    ],
    "num_procs": 8,
    "simple": {
      "avg_time": 0.005481055780030014,
      "std_time": 0.00027529589477472805,
      "min_time": 0.00539579953758467,
      "max_time": 0.005616036253404452,
      "avg_iterations": 89.0,
      "avg_residual": 1.8085397105060104e-08
    },
    "optimized_basic": {
      "avg_time": 0.0051562766697651145,
      "std_time": 0.0002059728872048579,
      "min_time": 0.005046335736519018,
      "max_time": 0.005252308623723877,
      "avg_iterations": 89.0,
      "avg_residual": 1.8085397105060104e-08
    },
    "optimized_async": {
      "avg_time": 0.004542442327381308,
      "std_time": 0.00014027026596160887,
      "min_time": 0.0045821620214125565,
      "max_time": 0.004769189042694702,
      "avg_iterations": 89.0,
      "avg_residual": 1.8085397105060104e-08
    }
  },
  "2000x1000": {
    "size": [
      2000,
      1000
    ],
    "num_procs": 8,
    "simple": {
      "avg_time": 0.02283235994205467,
      "std_time": 0.0011541843576066992,
      "min_time": 0.022622013409091306,
      "max_time": 0.023545360895176663,
      "avg_iterations": 92.0,
      "avg_residual": 1.6892682797855404e-08
    },
    "optimized_basic": {
      "avg_time": 0.018865225955567253,
      "std_time": 0.0007529386800569972,
      "min_time": 0.01844699766139643,
      "max_time": 0.01919993634145343,
      "avg_iterations": 92.0,
      "avg_residual": 1.6892682797855404e-08
    },
    "optimized_async": {
      "avg_time": 0.01670590993188671,
      "std_time": 0.0005129861737832199,
      "min_time": 0.01675754834358518,
      "max_time": 0.017441529908629478,
      "avg_iterations": 92.0,
      "avg_residual": 1.6892682797855404e-08
    }
  }
}