{
  "500x250": {
    "size": [
      500,
      250
    ],
    "num_procs": 4,
    "simple": {
      "avg_time": 0.0017722397750245236,
      "std_time": 8.766076419042745e-05,
      "min_time": 0.001718150978132378,
      "max_time": 0.00178827958948472,
      "avg_iterations": 86.0,
      "avg_residual": 1.836203800434445e-08
    },
    "optimized_basic": {
      "avg_time": 0.0018237080955130554,
      "std_time": 7.363075975665133e-05,
      "min_time": 0.0018039536140379577,
      "max_time": 0.0018775843737946093,
      "avg_iterations": 86.0,
      "avg_residual": 1.836203800434445e-08
    },
    "optimized_async": {
      "avg_time": 0.0014451600699046958,
      "std_time": 4.3762431425206804e-05,
      "min_time": 0.001429572759890089,
      "max_time": 0.0014879226684570313,
      "avg_iterations": 86.0,
      "avg_residual": 1.836203800434445e-08
    }
  },
  "1000x500": {
    "size": [
      1000,
      500
    ],
    "num_procs": 4,
    "simple": {
      "avg_time": 0.009405356051976451,
      "std_time": 0.00046800302111703774,
      "min_time": 0.00917285921389394,
      "max_time": 0.00954726163078757,
      "avg_iterations": 89.0,
      "avg_residual": 1.8085397105060104e-08
    },
    "optimized_basic": {
      "avg_time": 0.008839515411240517,
      "std_time": 0.00036764892495119673,
      "min_time": 0.00900739866130432,
      "max_time": 0.009375047586255517,
      "avg_iterations": 89.0,
      "avg_residual": 1.8085397105060104e-08
    },
    "optimized_async": {
      "avg_time": 0.008324091426095182,
      "std_time": 0.00025864559061387004,
      "min_time": 0.008449089293386423,
      "max_time": 0.008793950080871582,
      "avg_iterations": 89.0,
      "avg_residual": 1.8085397105060104e-08
    }
  },
  "2000x1000": {
    "size": [
      2000,
      1000
    ],
    "num_procs": 4,
    "simple": {
      "avg_time": 0.038800959398533244,
      "std_time": 0.001962113407931389,
      "min_time": 0.03845742279545522,
      "max_time": 0.04002711352180033,
      "avg_iterations": 92.0,
      "avg_residual": 1.6892682797855404e-08
    },
    "optimized_basic": {
      "avg_time": 0.03291813312938426,
      "std_time": 0.001343949196584352,
      "min_time": 0.03292675531631662,
      "max_time": 0.03427070451290098,
      "avg_iterations": 92.0,
      "avg_residual": 1.6892682797855404e-08
    },
    "optimized_async": {
      "avg_time": 0.03172815655360179,
      "std_time": 0.000945899767034194,
      "min_time": 0.030899392389783672,
      "max_time": 0.0321605920791626,
      "avg_iterations": 92.0,
      "avg_residual": 1.6892682797855404e-08
    }
  }
}