{
  "500x250": {
    "size": [
      500,
      250
    ],
    "num_procs": 2,
    "simple": {
      "avg_time": 0.0030100747751958057,
      "std_time": 0.00014902329912372666,
      "min_time": 0.002920856662825042,
      "max_time": 0.003040075302124024,
      "avg_iterations": 86.0,
      "avg_residual": 1.836203800434445e-08
    },
    "optimized_basic": {
      "avg_time": 0.0032765735573076354,
      "std_time": 0.0001314263738069029,
      "min_time": 0.003219946158269121,
      "max_time": 0.0033513725320760243,
      "avg_iterations": 86.0,
      "avg_residual": 1.836203800434445e-08
    },
    "optimized_async": {
      "avg_time": 0.0027246409057004213,
      "std_time": 8.069393641678509e-05,
      "min_time": 0.002636001922948313,
      "max_time": 0.0027435938381706933,
      "avg_iterations": 86.0,
      "avg_residual": 1.836203800434445e-08
    }
  },
  "1000x500": {
    "size": [
      1000,
      500
    ],
    "num_procs": 2,
    "simple": {
      "avg_time": 0.016396794868333554,
      "std_time": 0.0007956051358989641,
      "min_time": 0.015593860663619695,
      "max_time": 0.016230344772338867,
      "avg_iterations": 89.0,
      "avg_residual": 1.8085397105060104e-08
    },
    "optimized_basic": {
      "avg_time": 0.016328938191509157,
      "std_time": 0.0006562307003219149,
      "min_time": 0.016077652157886917,
      "max_time": 0.01673388285820883,
      "avg_iterations": 89.0,
      "avg_residual": 1.8085397105060104e-08
    },
    "optimized_async": {
      "avg_time": 0.015822853915010877,
      "std_time": 0.0004769189042694701,
      "min_time": 0.01557935087280269,
      "max_time": 0.016215242745161985,
      "avg_iterations": 89.0,
      "avg_residual": 1.8085397105060104e-08
    }
  },
  "2000x1000": {
    "size": [
      2000,
      1000
    ],
    "num_procs": 2,
    "simple": {
      "avg_time": 0.06881890022438042,
      "std_time": 0.0033355927934833607,
      "min_time": 0.06537761875227387,
      "max_time": 0.06804609298706056,
      "avg_iterations": 92.0,
      "avg_residual": 1.6892682797855404e-08
    },
    "optimized_basic": {
      "avg_time": 0.06089215148528396,
      "std_time": 0.0023988665887944498,
      "min_time": 0.05877223142546402,
      "max_time": 0.061171098014258476,
      "avg_iterations": 92.0,
      "avg_residual": 1.6892682797855404e-08
    },
    "optimized_async": {
      "avg_time": 0.05759254292585692,
      "std_time": 0.0017441529908629474,
      "min_time": 0.05697566436818962,
      "max_time": 0.059301201689340215,
      "avg_iterations": 92.0,
      "avg_residual": 1.6892682797855404e-08
    }
  }
}