{
  "results": {
    "part1_async_compute": {
      "blocking": {
        "2": 0.0245,
        "4": 0.0238,
        "8": 0.0251
      },
      "nonblocking": {
        "2": 0.0189,
        "4": 0.0182,
        "8": 0.0195
      }
    },
    "part2_persistent": {
      "sendrecv": {
        "2": 0.0856,
        "4": 0.0842,
        "8": 0.0871
      },
      "persistent": {
        "2": 0.0624,
        "4": 0.0615,
        "8": 0.0641
      }
    },
    "part3_cg": {
      "sync": {
        "2": 1.245,
        "4": 0.682,
        "8": 0.385
      },
      "async": {
        "2": 1.156,
        "4": 0.628,
        "8": 0.351
      }
    }
  },
  "improvement": {
    "part1": {
      "2": 22.857142857142858,
      "4": 23.529411764705884,
      "8": 22.310756972111555
    },
    "part2": {
      "2": 27.102803738317753,
      "4": 26.959619952494062,
      "8": 26.40642939150401
    },
    "part3": {
      "2": 7.148594377510055,
      "4": 7.9178885630498606,
      "8": 8.831168831168839
    }
  }
}