{
  "nodes_scaling": {
    "cpu_only": {
      "1": 425.0,
      "2": 225.0,
      "4": 128.0,
      "8": 75.0
    },
    "mpi_cuda": {
      "1": 45.2,
      "2": 24.8,
      "4": 13.5,
      "8": 7.8
    }
  },
  "gpu_speedup": {
    "1": 9.4,
    "2": 9.1,
    "4": 9.5,
    "8": 9.6
  },
  "efficiency_gpu": {
    "1": 100.0,
    "2": 91.12903225806453,
    "4": 83.70370370370371,
    "8": 72.43589743589745
  }
}