{
  "results": {
    "sequential": {
      "N200_M300": 1.85,
      "N2000_M1000": 18.6,
      "N20000_M5000": 465.2
    },
    "parallel": {
      "N20000_M5000": {
        "2": 248.3,
        "4": 132.1,
        "8": 71.5,
        "16": 41.2
      }
    }
  },
  "speedup": {
    "2": 1.8735400724929518,
    "4": 3.5215745647236942,
    "8": 6.5062937062937065,
    "16": 11.291262135922329
  },
  "efficiency": {
    "2": 93.6770036246476,
    "4": 88.03936411809235,
    "8": 81.32867132867133,
    "16": 70.57038834951456
  }
}